<?xml version="1.0" encoding="UTF-8"?><idempiere Name="AD_Process" Version="1.0.0" idempiereVersion="6.2.0.201911291545" DataBaseVersion="2019-01-06" Description="" Author="SuperUser" AuthorEmail="superuser @ idempiere.com" CreatedDate="Fri Jan 17 11:56:18 CET 2020" UpdatedDate="Fri Jan 17 11:56:18 CET 2020" PackOutVersion="100" UpdateDictionary="true" Client="0-SYSTEM-System" AD_Client_UU="11237b53-9592-4af1-b3c5-afd216514b5d">
    <AD_Attachment type="table">
        <AD_Client_ID>0</AD_Client_ID>
        <AD_Org_ID>0</AD_Org_ID>
        <IsActive>Y</IsActive>
        <AD_Table_ID reference="id">284</AD_Table_ID>
        <Record_ID reference="uuid" reference-key="AD_Process">00f0641d-8453-4b00-b3ab-696bc9d4025a</Record_ID>
        <BinaryData>1.dat|byte[]</BinaryData>
        <Title>zip</Title>
        <TextMsg/>
        <AD_Attachment_UU>b7e6aeec-ca55-4794-b7ad-25030d131bb6</AD_Attachment_UU>
    </AD_Attachment>
    <AD_Process type="table">
        <AD_Client_ID>0</AD_Client_ID>
        <AD_Org_ID>0</AD_Org_ID>
        <IsActive>Y</IsActive>
        <Name>Report Payment Detail [RP.821]</Name>
        <Description>Report Payment Detail [RP.821]</Description>
        <Help>Report to show all  Invoices and related paymnet with also preayment without allocation</Help>
        <ProcedureName/>
        <IsReport>Y</IsReport>
        <Value>0821</Value>
        <IsDirectPrint>N</IsDirectPrint>
        <AD_ReportView_ID reference="id"/>
        <Classname/>
        <AccessLevel>6</AccessLevel>
        <EntityType>cnet</EntityType>
        <Statistic_Count>0</Statistic_Count>
        <Statistic_Seconds>0</Statistic_Seconds>
        <AD_PrintFormat_ID reference="id"/>
        <WorkflowValue/>
        <AD_Workflow_ID reference="id"/>
        <IsBetaFunctionality>N</IsBetaFunctionality>
        <IsServerProcess>N</IsServerProcess>
        <ShowHelp>Y</ShowHelp>
        <JasperReport>attachment:customerstatement821.jasper</JasperReport>
        <AD_Form_ID reference="id"/>
        <CopyFromProcess>N</CopyFromProcess>
        <AD_Process_UU>00f0641d-8453-4b00-b3ab-696bc9d4025a</AD_Process_UU>
        <AD_CtxHelp_ID reference="id"/>
        <ExecutionType/>
        <AllowMultipleExecution>P</AllowMultipleExecution>
        <AD_Image_ID reference="id"/>
        <LIT_isBatchPrint>N</LIT_isBatchPrint>
        <ParameterValue>Report Payment Detail [RP.821] </ParameterValue>
        <AD_Process_Trl type="translation">
            <Help>Report to show all  Invoices and related paymnet with also preayment without allocation</Help>
            <Description>Report Payment Detail [RP.821]</Description>
            <Name>Report Payment Detail [RP.821]</Name>
            <AD_Language>en_GB</AD_Language>
            <IsActive>Y</IsActive>
            <IsTranslated>N</IsTranslated>
        </AD_Process_Trl>
        <AD_Process_Trl type="translation">
            <Help>Report riepilogo fatture del business parner con riferimento ai pagamenti abbinati e saldo aperto per singola fattura. Vengono visualizzati anche i pagamenti non abbinati</Help>
            <Description>Report Estratto Conto Business Partner [RP.821]</Description>
            <Name>Report Estratto Conto Business Partner [RP.821]</Name>
            <AD_Language>it_IT</AD_Language>
            <IsActive>Y</IsActive>
            <IsTranslated>Y</IsTranslated>
        </AD_Process_Trl>
        <AD_Reference type="table">
            <AD_Reference_ID>18</AD_Reference_ID>
            <AD_Client_ID>0</AD_Client_ID>
            <AD_Org_ID>0</AD_Org_ID>
            <AD_Reference_ID>18</AD_Reference_ID>
            <Name>Table</Name>
            <Description>Table List</Description>
            <Help/>
            <ValidationType>D</ValidationType>
            <IsActive>Y</IsActive>
            <VFormat/>
            <EntityType>D</EntityType>
            <IsOrderByValue>N</IsOrderByValue>
            <AD_Reference_UU>d79e151d-6401-4e9f-8549-15357111a1ed</AD_Reference_UU>
            <AD_Element_ID reference="id"/>
            <AD_Reference_Trl type="translation">
                <Help/>
                <Name>Tabla</Name>
                <Description>Lista de Tablas</Description>
                <AD_Language>es_CO</AD_Language>
                <IsActive>Y</IsActive>
                <IsTranslated>Y</IsTranslated>
            </AD_Reference_Trl>
            <AD_Reference_Trl type="translation">
                <Help/>
                <Name>Tabella</Name>
                <Description>Lista in Tabella</Description>
                <AD_Language>it_IT</AD_Language>
                <IsActive>Y</IsActive>
                <IsTranslated>N</IsTranslated>
            </AD_Reference_Trl>
            <AD_Reference_Trl type="translation">
                <Help/>
                <Name>Table</Name>
                <Description>Table List</Description>
                <AD_Language>en_GB</AD_Language>
                <IsActive>Y</IsActive>
                <IsTranslated>N</IsTranslated>
            </AD_Reference_Trl>
        </AD_Reference>
        <AD_Val_Rule type="table">
            <AD_Val_Rule_ID>202</AD_Val_Rule_ID>
            <AD_Client_ID>0</AD_Client_ID>
            <AD_Org_ID>0</AD_Org_ID>
            <AD_Val_Rule_ID>202</AD_Val_Rule_ID>
            <Name>AD_Org of Client (excl 0)</Name>
            <Description>All not 0</Description>
            <Type>S</Type>
            <Code>AD_Org.AD_Client_ID=@AD_Client_ID@ AND AD_Org.AD_Org_ID&lt;&gt;0</Code>
            <IsActive>Y</IsActive>
            <EntityType>D</EntityType>
            <AD_Val_Rule_UU>b712f727-c94a-48d3-874e-e555522d9ecd</AD_Val_Rule_UU>
        </AD_Val_Rule>
        <AD_Element type="table">
            <AD_Element_ID>113</AD_Element_ID>
            <AD_Client_ID>0</AD_Client_ID>
            <AD_Org_ID>0</AD_Org_ID>
            <AD_Element_ID>113</AD_Element_ID>
            <IsActive>Y</IsActive>
            <ColumnName>AD_Org_ID</ColumnName>
            <Name>Organization</Name>
            <Description>Organizational entity within client</Description>
            <Help>An organization is a unit of your client or legal entity - examples are store, department. You can share data between organizations.</Help>
            <PrintName>Organization</PrintName>
            <PO_Description/>
            <PO_Help/>
            <PO_Name/>
            <PO_PrintName/>
            <EntityType>D</EntityType>
            <AD_Element_UU>d8103f72-3282-4298-9ed4-360b12abc9d2</AD_Element_UU>
            <Placeholder/>
            <AD_Element_Trl type="translation">
                <Help>Una organización es una unidad del grupo empresarial o entidad legal - Ej. Tiendas y departamentos. Es posible compartir datos entre organizaciones.</Help>
                <PO_Description/>
                <PO_Help/>
                <Name>Organización</Name>
                <Description>Entidad organizacional dentro del grupo empresarial</Description>
                <PrintName>Organización</PrintName>
                <PO_Name/>
                <PO_PrintName/>
                <Placeholder/>
                <AD_Language>es_CO</AD_Language>
                <IsActive>Y</IsActive>
                <IsTranslated>Y</IsTranslated>
            </AD_Element_Trl>
            <AD_Element_Trl type="translation">
                <Help>An organization is a unit of your client or legal entity - examples are store, department. You can share data between organizations.</Help>
                <PO_Description/>
                <PO_Help/>
                <Name>Organization</Name>
                <Description>Organizational entity within client</Description>
                <PrintName>Organization</PrintName>
                <PO_Name/>
                <PO_PrintName/>
                <Placeholder/>
                <AD_Language>en_GB</AD_Language>
                <IsActive>Y</IsActive>
                <IsTranslated>N</IsTranslated>
            </AD_Element_Trl>
            <AD_Element_Trl type="translation">
                <Help>Una Organizzazione rappresenta un settore dell'Azienda o entità legale - esempi sono un negozio o dipartimento. E' possibile condividere dati tra le diverse Organizzazioni.</Help>
                <PO_Description/>
                <PO_Help/>
                <Name>Organizzazione</Name>
                <Description>Entità organizzativa all'interno dell'Azienda</Description>
                <PrintName>Organizzazione</PrintName>
                <PO_Name/>
                <PO_PrintName/>
                <Placeholder/>
                <AD_Language>it_IT</AD_Language>
                <IsActive>Y</IsActive>
                <IsTranslated>N</IsTranslated>
            </AD_Element_Trl>
        </AD_Element>
        <AD_Process_Para type="table">
            <AD_Client_ID>0</AD_Client_ID>
            <AD_Org_ID>0</AD_Org_ID>
            <IsActive>Y</IsActive>
            <Name>Organization</Name>
            <Description>Organizational entity within client</Description>
            <Help>An organization is a unit of your client or legal entity - examples are store, department. You can share data between organizations.</Help>
            <AD_Process_ID reference="uuid" reference-key="AD_Process">00f0641d-8453-4b00-b3ab-696bc9d4025a</AD_Process_ID>
            <SeqNo>1</SeqNo>
            <AD_Reference_ID reference="id">18</AD_Reference_ID>
            <AD_Reference_Value_ID reference="id"/>
            <IsRange>N</IsRange>
            <AD_Val_Rule_ID reference="id">202</AD_Val_Rule_ID>
            <FieldLength>0</FieldLength>
            <IsMandatory>Y</IsMandatory>
            <DefaultValue/>
            <VFormat/>
            <ValueMin/>
            <ValueMax/>
            <ColumnName>AD_Org_ID</ColumnName>
            <DefaultValue2/>
            <IsCentrallyMaintained>Y</IsCentrallyMaintained>
            <EntityType>cnet</EntityType>
            <AD_Element_ID reference="id">113</AD_Element_ID>
            <ReadOnlyLogic/>
            <DisplayLogic/>
            <AD_Process_Para_UU>f26228e0-8c33-4148-a55e-f507edf30b00</AD_Process_Para_UU>
            <IsEncrypted>N</IsEncrypted>
            <MandatoryLogic/>
            <Placeholder/>
            <Placeholder2/>
            <AD_Process_Para_Trl type="translation">
                <Help>An organization is a unit of your client or legal entity - examples are store, department. You can share data between organizations.</Help>
                <Name>Organization</Name>
                <Description>Organizational entity within client</Description>
                <Placeholder/>
                <Placeholder2/>
                <AD_Language>en_GB</AD_Language>
                <IsActive>Y</IsActive>
                <IsTranslated>N</IsTranslated>
            </AD_Process_Para_Trl>
            <AD_Process_Para_Trl type="translation">
                <Help>Una Organizzazione rappresenta un settore dell'Azienda o entità legale - esempi sono un negozio o dipartimento. E' possibile condividere dati tra le diverse Organizzazioni.</Help>
                <Name>Organizzazione</Name>
                <Description>Entità organizzativa all'interno dell'Azienda</Description>
                <Placeholder/>
                <Placeholder2/>
                <AD_Language>it_IT</AD_Language>
                <IsActive>Y</IsActive>
                <IsTranslated>N</IsTranslated>
            </AD_Process_Para_Trl>
        </AD_Process_Para>
        <AD_Reference type="table">
            <AD_Reference_ID>15</AD_Reference_ID>
            <AD_Client_ID>0</AD_Client_ID>
            <AD_Org_ID>0</AD_Org_ID>
            <AD_Reference_ID>15</AD_Reference_ID>
            <Name>Date</Name>
            <Description>Date mm/dd/yyyy</Description>
            <Help/>
            <ValidationType>D</ValidationType>
            <IsActive>Y</IsActive>
            <VFormat/>
            <EntityType>D</EntityType>
            <IsOrderByValue>N</IsOrderByValue>
            <AD_Reference_UU>fea92a20-5ea7-445c-b010-101d74f5e124</AD_Reference_UU>
            <AD_Element_ID reference="id"/>
            <AD_Reference_Trl type="translation">
                <Help/>
                <Name>Fecha</Name>
                <Description>Fecha mm/dd/aaaa</Description>
                <AD_Language>es_CO</AD_Language>
                <IsActive>Y</IsActive>
                <IsTranslated>Y</IsTranslated>
            </AD_Reference_Trl>
            <AD_Reference_Trl type="translation">
                <Help/>
                <Name>Data</Name>
                <Description>Data gg/mm/aaaa</Description>
                <AD_Language>it_IT</AD_Language>
                <IsActive>Y</IsActive>
                <IsTranslated>N</IsTranslated>
            </AD_Reference_Trl>
            <AD_Reference_Trl type="translation">
                <Help/>
                <Name>Date</Name>
                <Description>Date mm/dd/yyyy</Description>
                <AD_Language>en_GB</AD_Language>
                <IsActive>Y</IsActive>
                <IsTranslated>N</IsTranslated>
            </AD_Reference_Trl>
        </AD_Reference>
        <AD_Element type="table">
            <AD_Element_ID>1582</AD_Element_ID>
            <AD_Client_ID>0</AD_Client_ID>
            <AD_Org_ID>0</AD_Org_ID>
            <AD_Element_ID>1582</AD_Element_ID>
            <IsActive>Y</IsActive>
            <ColumnName>DateTo</ColumnName>
            <Name>Date To</Name>
            <Description>End date of a date range</Description>
            <Help>The Date To indicates the end date of a range (inclusive)</Help>
            <PrintName>Date To</PrintName>
            <PO_Description/>
            <PO_Help/>
            <PO_Name/>
            <PO_PrintName/>
            <EntityType>D</EntityType>
            <AD_Element_UU>f06dc89e-863b-4aaa-a139-b5650d8153cb</AD_Element_UU>
            <Placeholder/>
            <AD_Element_Trl type="translation">
                <Help>La Fecha A indica la fecha final de un rango (inclusive)</Help>
                <PO_Description/>
                <PO_Help/>
                <Name>A Fecha</Name>
                <Description>Fecha final de un rango (inclusive)</Description>
                <PrintName>A Fecha</PrintName>
                <PO_Name/>
                <PO_PrintName/>
                <Placeholder/>
                <AD_Language>es_CO</AD_Language>
                <IsActive>Y</IsActive>
                <IsTranslated>Y</IsTranslated>
            </AD_Element_Trl>
            <AD_Element_Trl type="translation">
                <Help>E' la data finale in un intervallo (compresa)</Help>
                <PO_Description/>
                <PO_Help/>
                <Name>Alla Data</Name>
                <Description>Data finale di un intervallo</Description>
                <PrintName>Alla Data</PrintName>
                <PO_Name/>
                <PO_PrintName/>
                <Placeholder/>
                <AD_Language>it_IT</AD_Language>
                <IsActive>Y</IsActive>
                <IsTranslated>Y</IsTranslated>
            </AD_Element_Trl>
            <AD_Element_Trl type="translation">
                <Help>The Date To indicates the end date of a range (inclusive)</Help>
                <PO_Description/>
                <PO_Help/>
                <Name>Date To</Name>
                <Description>End date of a date range</Description>
                <PrintName>Date To</PrintName>
                <PO_Name/>
                <PO_PrintName/>
                <Placeholder/>
                <AD_Language>en_GB</AD_Language>
                <IsActive>Y</IsActive>
                <IsTranslated>N</IsTranslated>
            </AD_Element_Trl>
        </AD_Element>
        <AD_Process_Para type="table">
            <AD_Client_ID>0</AD_Client_ID>
            <AD_Org_ID>0</AD_Org_ID>
            <IsActive>Y</IsActive>
            <Name>Date To</Name>
            <Description/>
            <Help/>
            <AD_Process_ID reference="uuid" reference-key="AD_Process">00f0641d-8453-4b00-b3ab-696bc9d4025a</AD_Process_ID>
            <SeqNo>30</SeqNo>
            <AD_Reference_ID reference="id">15</AD_Reference_ID>
            <AD_Reference_Value_ID reference="id"/>
            <IsRange>N</IsRange>
            <AD_Val_Rule_ID reference="id"/>
            <FieldLength>0</FieldLength>
            <IsMandatory>N</IsMandatory>
            <DefaultValue/>
            <VFormat/>
            <ValueMin/>
            <ValueMax/>
            <ColumnName>DateAcctTo</ColumnName>
            <DefaultValue2/>
            <IsCentrallyMaintained>Y</IsCentrallyMaintained>
            <EntityType>cnet</EntityType>
            <AD_Element_ID reference="id">1582</AD_Element_ID>
            <ReadOnlyLogic/>
            <DisplayLogic/>
            <AD_Process_Para_UU>d0d82208-8147-4d30-a8e9-1e8162137f53</AD_Process_Para_UU>
            <IsEncrypted>N</IsEncrypted>
            <MandatoryLogic/>
            <Placeholder/>
            <Placeholder2/>
            <AD_Process_Para_Trl type="translation">
                <Help/>
                <Name>Date To</Name>
                <Description/>
                <Placeholder/>
                <Placeholder2/>
                <AD_Language>en_GB</AD_Language>
                <IsActive>Y</IsActive>
                <IsTranslated>N</IsTranslated>
            </AD_Process_Para_Trl>
            <AD_Process_Para_Trl type="translation">
                <Help/>
                <Name>A Data</Name>
                <Description/>
                <Placeholder/>
                <Placeholder2/>
                <AD_Language>it_IT</AD_Language>
                <IsActive>Y</IsActive>
                <IsTranslated>N</IsTranslated>
            </AD_Process_Para_Trl>
        </AD_Process_Para>
        <AD_Element type="table">
            <AD_Element_ID>1581</AD_Element_ID>
            <AD_Client_ID>0</AD_Client_ID>
            <AD_Org_ID>0</AD_Org_ID>
            <AD_Element_ID>1581</AD_Element_ID>
            <IsActive>Y</IsActive>
            <ColumnName>DateFrom</ColumnName>
            <Name>Date From</Name>
            <Description>Starting date for a range</Description>
            <Help>The Date From indicates the starting date of a range.</Help>
            <PrintName>Date From</PrintName>
            <PO_Description/>
            <PO_Help/>
            <PO_Name/>
            <PO_PrintName/>
            <EntityType>D</EntityType>
            <AD_Element_UU>3dcb9728-0a7c-4700-bbce-ffef94ea6b96</AD_Element_UU>
            <Placeholder/>
            <AD_Element_Trl type="translation">
                <Help>La Fecha desde indica la fecha inicial de un rango</Help>
                <PO_Description/>
                <PO_Help/>
                <Name>Desde Fecha</Name>
                <Description>Fecha de inicio para un rango</Description>
                <PrintName>Desde Fecha</PrintName>
                <PO_Name/>
                <PO_PrintName/>
                <Placeholder/>
                <AD_Language>es_CO</AD_Language>
                <IsActive>Y</IsActive>
                <IsTranslated>Y</IsTranslated>
            </AD_Element_Trl>
            <AD_Element_Trl type="translation">
                <Help>E' la data iniziale in un intervallo</Help>
                <PO_Description/>
                <PO_Help/>
                <Name>Dalla Data</Name>
                <Description>Data di inizio di un intervallo</Description>
                <PrintName>Dalla Data</PrintName>
                <PO_Name/>
                <PO_PrintName/>
                <Placeholder/>
                <AD_Language>it_IT</AD_Language>
                <IsActive>Y</IsActive>
                <IsTranslated>Y</IsTranslated>
            </AD_Element_Trl>
            <AD_Element_Trl type="translation">
                <Help>The Date From indicates the starting date of a range.</Help>
                <PO_Description/>
                <PO_Help/>
                <Name>Date From</Name>
                <Description>Starting date for a range</Description>
                <PrintName>Date From</PrintName>
                <PO_Name/>
                <PO_PrintName/>
                <Placeholder/>
                <AD_Language>en_GB</AD_Language>
                <IsActive>Y</IsActive>
                <IsTranslated>N</IsTranslated>
            </AD_Element_Trl>
        </AD_Element>
        <AD_Process_Para type="table">
            <AD_Client_ID>0</AD_Client_ID>
            <AD_Org_ID>0</AD_Org_ID>
            <IsActive>Y</IsActive>
            <Name>Date From</Name>
            <Description/>
            <Help/>
            <AD_Process_ID reference="uuid" reference-key="AD_Process">00f0641d-8453-4b00-b3ab-696bc9d4025a</AD_Process_ID>
            <SeqNo>20</SeqNo>
            <AD_Reference_ID reference="id">15</AD_Reference_ID>
            <AD_Reference_Value_ID reference="id"/>
            <IsRange>N</IsRange>
            <AD_Val_Rule_ID reference="id"/>
            <FieldLength>0</FieldLength>
            <IsMandatory>N</IsMandatory>
            <DefaultValue>'31/12/2018'</DefaultValue>
            <VFormat/>
            <ValueMin/>
            <ValueMax/>
            <ColumnName>DateAcctFrom</ColumnName>
            <DefaultValue2/>
            <IsCentrallyMaintained>Y</IsCentrallyMaintained>
            <EntityType>cnet</EntityType>
            <AD_Element_ID reference="id">1581</AD_Element_ID>
            <ReadOnlyLogic/>
            <DisplayLogic/>
            <AD_Process_Para_UU>cef69b51-1835-4808-9865-a41d313825a7</AD_Process_Para_UU>
            <IsEncrypted>N</IsEncrypted>
            <MandatoryLogic/>
            <Placeholder/>
            <Placeholder2/>
            <AD_Process_Para_Trl type="translation">
                <Help/>
                <Name>Date From</Name>
                <Description/>
                <Placeholder/>
                <Placeholder2/>
                <AD_Language>en_GB</AD_Language>
                <IsActive>Y</IsActive>
                <IsTranslated>N</IsTranslated>
            </AD_Process_Para_Trl>
            <AD_Process_Para_Trl type="translation">
                <Help/>
                <Name>Da Data</Name>
                <Description/>
                <Placeholder/>
                <Placeholder2/>
                <AD_Language>it_IT</AD_Language>
                <IsActive>Y</IsActive>
                <IsTranslated>N</IsTranslated>
            </AD_Process_Para_Trl>
        </AD_Process_Para>
        <AD_Reference type="table">
            <AD_Reference_ID>30</AD_Reference_ID>
            <AD_Client_ID>0</AD_Client_ID>
            <AD_Org_ID>0</AD_Org_ID>
            <AD_Reference_ID>30</AD_Reference_ID>
            <Name>Search</Name>
            <Description>Search Field</Description>
            <Help/>
            <ValidationType>D</ValidationType>
            <IsActive>Y</IsActive>
            <VFormat/>
            <EntityType>D</EntityType>
            <IsOrderByValue>N</IsOrderByValue>
            <AD_Reference_UU>199e084e-6ad2-4bcd-8f5e-fdd08f4c0748</AD_Reference_UU>
            <AD_Element_ID reference="id"/>
            <AD_Reference_Trl type="translation">
                <Help/>
                <Name>Búsqueda</Name>
                <Description>Campo de Búsqueda</Description>
                <AD_Language>es_CO</AD_Language>
                <IsActive>Y</IsActive>
                <IsTranslated>Y</IsTranslated>
            </AD_Reference_Trl>
            <AD_Reference_Trl type="translation">
                <Help/>
                <Name>Search</Name>
                <Description>Search Field</Description>
                <AD_Language>en_GB</AD_Language>
                <IsActive>Y</IsActive>
                <IsTranslated>N</IsTranslated>
            </AD_Reference_Trl>
            <AD_Reference_Trl type="translation">
                <Help/>
                <Name>Ricerca</Name>
                <Description>Campo di Ricerca</Description>
                <AD_Language>it_IT</AD_Language>
                <IsActive>Y</IsActive>
                <IsTranslated>N</IsTranslated>
            </AD_Reference_Trl>
        </AD_Reference>
        <AD_Element type="table">
            <AD_Element_ID>187</AD_Element_ID>
            <AD_Client_ID>0</AD_Client_ID>
            <AD_Org_ID>0</AD_Org_ID>
            <AD_Element_ID>187</AD_Element_ID>
            <IsActive>Y</IsActive>
            <ColumnName>C_BPartner_ID</ColumnName>
            <Name>Business Partner </Name>
            <Description>Identifies a Business Partner</Description>
            <Help>A Business Partner is anyone with whom you transact.  This can include Vendor, Customer, Employee or Salesperson</Help>
            <PrintName>Business Partner </PrintName>
            <PO_Description/>
            <PO_Help/>
            <PO_Name/>
            <PO_PrintName/>
            <EntityType>D</EntityType>
            <AD_Element_UU>5f73bc9f-04e0-448f-978d-f2d3e18f2ac3</AD_Element_UU>
            <Placeholder/>
            <AD_Element_Trl type="translation">
                <Help>Un tercero es cualquiera con quien usted realiza transacciones. Este puede incluir Proveedores, Clientes, Empleados o Vendedores.</Help>
                <PO_Description/>
                <PO_Help/>
                <Name>Tercero</Name>
                <Description>Identifica un Tercero</Description>
                <PrintName>Tercero</PrintName>
                <PO_Name/>
                <PO_PrintName/>
                <Placeholder/>
                <AD_Language>es_CO</AD_Language>
                <IsActive>Y</IsActive>
                <IsTranslated>Y</IsTranslated>
            </AD_Element_Trl>
            <AD_Element_Trl type="translation">
                <Help>Un Business Partner è qualunque soggetto con cui si hanno rapporti. Questo include Fornitori, Clienti, Dipendenti o Agenti.</Help>
                <PO_Description/>
                <PO_Help/>
                <Name>Business Partner</Name>
                <Description>Identifica un Business Partner</Description>
                <PrintName>Business Partner</PrintName>
                <PO_Name/>
                <PO_PrintName/>
                <Placeholder/>
                <AD_Language>it_IT</AD_Language>
                <IsActive>Y</IsActive>
                <IsTranslated>N</IsTranslated>
            </AD_Element_Trl>
            <AD_Element_Trl type="translation">
                <Help>A Business Partner is anyone with whom you transact.  This can include Vendor, Customer, Employee or Salesperson</Help>
                <PO_Description/>
                <PO_Help/>
                <Name>Business Partner</Name>
                <Description>Identifies a Business Partner</Description>
                <PrintName>Business Partner</PrintName>
                <PO_Name/>
                <PO_PrintName/>
                <Placeholder/>
                <AD_Language>en_GB</AD_Language>
                <IsActive>Y</IsActive>
                <IsTranslated>N</IsTranslated>
            </AD_Element_Trl>
        </AD_Element>
        <AD_Process_Para type="table">
            <AD_Client_ID>0</AD_Client_ID>
            <AD_Org_ID>0</AD_Org_ID>
            <IsActive>Y</IsActive>
            <Name>Business Partner </Name>
            <Description>Identifies a Business Partner</Description>
            <Help>A Business Partner is anyone with whom you transact.  This can include Vendor, Customer, Employee or Salesperson</Help>
            <AD_Process_ID reference="uuid" reference-key="AD_Process">00f0641d-8453-4b00-b3ab-696bc9d4025a</AD_Process_ID>
            <SeqNo>10</SeqNo>
            <AD_Reference_ID reference="id">30</AD_Reference_ID>
            <AD_Reference_Value_ID reference="id"/>
            <IsRange>N</IsRange>
            <AD_Val_Rule_ID reference="id"/>
            <FieldLength>0</FieldLength>
            <IsMandatory>N</IsMandatory>
            <DefaultValue/>
            <VFormat/>
            <ValueMin/>
            <ValueMax/>
            <ColumnName>C_BPartner_ID</ColumnName>
            <DefaultValue2/>
            <IsCentrallyMaintained>Y</IsCentrallyMaintained>
            <EntityType>cnet</EntityType>
            <AD_Element_ID reference="id">187</AD_Element_ID>
            <ReadOnlyLogic/>
            <DisplayLogic/>
            <AD_Process_Para_UU>a807fbc1-6fee-4737-ae4a-b869bc927e4d</AD_Process_Para_UU>
            <IsEncrypted>N</IsEncrypted>
            <MandatoryLogic/>
            <Placeholder/>
            <Placeholder2/>
            <AD_Process_Para_Trl type="translation">
                <Help>A Business Partner is anyone with whom you transact.  This can include Vendor, Customer, Employee or Salesperson</Help>
                <Name>Business Partner </Name>
                <Description>Identifies a Business Partner</Description>
                <Placeholder/>
                <Placeholder2/>
                <AD_Language>en_GB</AD_Language>
                <IsActive>Y</IsActive>
                <IsTranslated>N</IsTranslated>
            </AD_Process_Para_Trl>
            <AD_Process_Para_Trl type="translation">
                <Help>Un Business Partner è qualunque soggetto con cui si hanno rapporti. Questo include Fornitori, Clienti, Dipendenti o Agenti.</Help>
                <Name>Business Partner</Name>
                <Description>Identifica un Business Partner</Description>
                <Placeholder/>
                <Placeholder2/>
                <AD_Language>it_IT</AD_Language>
                <IsActive>Y</IsActive>
                <IsTranslated>N</IsTranslated>
            </AD_Process_Para_Trl>
        </AD_Process_Para>
        <AD_Reference type="table">
            <AD_Reference_ID>20</AD_Reference_ID>
            <AD_Client_ID>0</AD_Client_ID>
            <AD_Org_ID>0</AD_Org_ID>
            <AD_Reference_ID>20</AD_Reference_ID>
            <Name>Yes-No</Name>
            <Description>CheckBox</Description>
            <Help/>
            <ValidationType>D</ValidationType>
            <IsActive>Y</IsActive>
            <VFormat/>
            <EntityType>D</EntityType>
            <IsOrderByValue>N</IsOrderByValue>
            <AD_Reference_UU>1dab6dbd-8d84-4ba5-87df-e2ca93d2c976</AD_Reference_UU>
            <AD_Element_ID reference="id"/>
            <AD_Reference_Trl type="translation">
                <Help/>
                <Name>Si/No</Name>
                <Description>Cuadro de Verificación</Description>
                <AD_Language>es_CO</AD_Language>
                <IsActive>Y</IsActive>
                <IsTranslated>Y</IsTranslated>
            </AD_Reference_Trl>
            <AD_Reference_Trl type="translation">
                <Help/>
                <Name>Yes-No</Name>
                <Description>CheckBox</Description>
                <AD_Language>en_GB</AD_Language>
                <IsActive>Y</IsActive>
                <IsTranslated>N</IsTranslated>
            </AD_Reference_Trl>
            <AD_Reference_Trl type="translation">
                <Help/>
                <Name>Sì-No</Name>
                <Description>CheckBox</Description>
                <AD_Language>it_IT</AD_Language>
                <IsActive>Y</IsActive>
                <IsTranslated>N</IsTranslated>
            </AD_Reference_Trl>
        </AD_Reference>
        <AD_Element type="table">
            <AD_Element_ID>364</AD_Element_ID>
            <AD_Client_ID>0</AD_Client_ID>
            <AD_Org_ID>0</AD_Org_ID>
            <AD_Element_ID>364</AD_Element_ID>
            <IsActive>Y</IsActive>
            <ColumnName>IsCustomer</ColumnName>
            <Name>Customer</Name>
            <Description>Indicates if this Business Partner is a Customer</Description>
            <Help>The Customer checkbox indicates if this Business Partner is a customer.  If it is select additional fields will display which further define this customer.</Help>
            <PrintName>Customer</PrintName>
            <PO_Description/>
            <PO_Help/>
            <PO_Name/>
            <PO_PrintName/>
            <EntityType>D</EntityType>
            <AD_Element_UU>207dc8d2-b777-4fd1-973d-3397bf5f4a91</AD_Element_UU>
            <Placeholder/>
            <AD_Element_Trl type="translation">
                <Help>El cuadro de verificación cliente indica si el tercero es un cliente. Si se seleccionan campos adicionales desplegarán información adicional para definir al cliente.</Help>
                <PO_Description/>
                <PO_Help/>
                <Name>Cliente</Name>
                <Description>Indica si el tercero es un cliente</Description>
                <PrintName>Cliente</PrintName>
                <PO_Name/>
                <PO_PrintName/>
                <Placeholder/>
                <AD_Language>es_CO</AD_Language>
                <IsActive>Y</IsActive>
                <IsTranslated>Y</IsTranslated>
            </AD_Element_Trl>
            <AD_Element_Trl type="translation">
                <Help>La spunta sta ad indicare che il Business Partner è un Cliente. Ulteriori campi si renderanno disponibili per specificare i dettagli relativi.</Help>
                <PO_Description/>
                <PO_Help/>
                <Name>Cliente</Name>
                <Description>Indica che il Business Partner è un cliente</Description>
                <PrintName>Cliente</PrintName>
                <PO_Name/>
                <PO_PrintName/>
                <Placeholder/>
                <AD_Language>it_IT</AD_Language>
                <IsActive>Y</IsActive>
                <IsTranslated>Y</IsTranslated>
            </AD_Element_Trl>
            <AD_Element_Trl type="translation">
                <Help>The Customer checkbox indicates if this Business Partner is a customer.  If it is select additional fields will display which further define this customer.</Help>
                <PO_Description/>
                <PO_Help/>
                <Name>Customer</Name>
                <Description>Indicates if this Business Partner is a Customer</Description>
                <PrintName>Customer</PrintName>
                <PO_Name/>
                <PO_PrintName/>
                <Placeholder/>
                <AD_Language>en_GB</AD_Language>
                <IsActive>Y</IsActive>
                <IsTranslated>N</IsTranslated>
            </AD_Element_Trl>
        </AD_Element>
        <AD_Process_Para type="table">
            <AD_Client_ID>0</AD_Client_ID>
            <AD_Org_ID>0</AD_Org_ID>
            <IsActive>Y</IsActive>
            <Name>Customer</Name>
            <Description>Indicates if this Business Partner is a Customer</Description>
            <Help>The Customer checkbox indicates if this Business Partner is a customer.  If it is select additional fields will display which further define this customer.</Help>
            <AD_Process_ID reference="uuid" reference-key="AD_Process">00f0641d-8453-4b00-b3ab-696bc9d4025a</AD_Process_ID>
            <SeqNo>70</SeqNo>
            <AD_Reference_ID reference="id">20</AD_Reference_ID>
            <AD_Reference_Value_ID reference="id"/>
            <IsRange>N</IsRange>
            <AD_Val_Rule_ID reference="id"/>
            <FieldLength>0</FieldLength>
            <IsMandatory>N</IsMandatory>
            <DefaultValue/>
            <VFormat/>
            <ValueMin/>
            <ValueMax/>
            <ColumnName>IsCustomer</ColumnName>
            <DefaultValue2/>
            <IsCentrallyMaintained>Y</IsCentrallyMaintained>
            <EntityType>cnet</EntityType>
            <AD_Element_ID reference="id">364</AD_Element_ID>
            <ReadOnlyLogic/>
            <DisplayLogic/>
            <AD_Process_Para_UU>fbb7436b-fdd6-4f7b-b356-8720d1f0e853</AD_Process_Para_UU>
            <IsEncrypted>N</IsEncrypted>
            <MandatoryLogic/>
            <Placeholder/>
            <Placeholder2/>
            <AD_Process_Para_Trl type="translation">
                <Help>The Customer checkbox indicates if this Business Partner is a customer.  If it is select additional fields will display which further define this customer.</Help>
                <Name>Customer</Name>
                <Description>Indicates if this Business Partner is a Customer</Description>
                <Placeholder/>
                <Placeholder2/>
                <AD_Language>en_GB</AD_Language>
                <IsActive>Y</IsActive>
                <IsTranslated>N</IsTranslated>
            </AD_Process_Para_Trl>
            <AD_Process_Para_Trl type="translation">
                <Help>La spunta sta ad indicare che il Business Partner è un Cliente. Ulteriori campi si renderanno disponibili per specificare i dettagli relativi.</Help>
                <Name>Cliente</Name>
                <Description>Indica che il Business Partner è un cliente</Description>
                <Placeholder/>
                <Placeholder2/>
                <AD_Language>it_IT</AD_Language>
                <IsActive>Y</IsActive>
                <IsTranslated>Y</IsTranslated>
            </AD_Process_Para_Trl>
        </AD_Process_Para>
        <AD_Element type="table">
            <AD_Element_ID>426</AD_Element_ID>
            <AD_Client_ID>0</AD_Client_ID>
            <AD_Org_ID>0</AD_Org_ID>
            <AD_Element_ID>426</AD_Element_ID>
            <IsActive>Y</IsActive>
            <ColumnName>IsVendor</ColumnName>
            <Name>Vendor</Name>
            <Description>Indicates if this Business Partner is a Vendor</Description>
            <Help>The Vendor checkbox indicates if this Business Partner is a Vendor.  If it is selected, additional fields will display which further identify this vendor.</Help>
            <PrintName>Vendor</PrintName>
            <PO_Description/>
            <PO_Help/>
            <PO_Name/>
            <PO_PrintName/>
            <EntityType>D</EntityType>
            <AD_Element_UU>2051a3e7-665d-4b16-843c-f8a3c8938230</AD_Element_UU>
            <Placeholder/>
            <AD_Element_Trl type="translation">
                <Help>El cuadro de verificación proveedor indica si este tercero es un proveedor. Si se selecciona; campos adicionales serán desplegados para identificar a este proveedor.</Help>
                <PO_Description/>
                <PO_Help/>
                <Name>Proveedor</Name>
                <Description>Indica si el tercero es un proveedor.</Description>
                <PrintName>Proveedor</PrintName>
                <PO_Name/>
                <PO_PrintName/>
                <Placeholder/>
                <AD_Language>es_CO</AD_Language>
                <IsActive>Y</IsActive>
                <IsTranslated>Y</IsTranslated>
            </AD_Element_Trl>
            <AD_Element_Trl type="translation">
                <Help>La spunta sta ad indicare che il Business Partner è un Fornitore. Ulteriori campi si renderanno disponibili per specificare i dettagli relativi.</Help>
                <PO_Description/>
                <PO_Help/>
                <Name>Fornitore</Name>
                <Description>Indica che questo Business Partner è un Fornitore</Description>
                <PrintName>Fornitore</PrintName>
                <PO_Name/>
                <PO_PrintName/>
                <Placeholder/>
                <AD_Language>it_IT</AD_Language>
                <IsActive>Y</IsActive>
                <IsTranslated>Y</IsTranslated>
            </AD_Element_Trl>
            <AD_Element_Trl type="translation">
                <Help>The Vendor checkbox indicates if this Business Partner is a Vendor.  If it is selected, additional fields will display which further identify this vendor.</Help>
                <PO_Description/>
                <PO_Help/>
                <Name>Vendor</Name>
                <Description>Indicates if this Business Partner is a Vendor</Description>
                <PrintName>Vendor</PrintName>
                <PO_Name/>
                <PO_PrintName/>
                <Placeholder/>
                <AD_Language>en_GB</AD_Language>
                <IsActive>Y</IsActive>
                <IsTranslated>N</IsTranslated>
            </AD_Element_Trl>
        </AD_Element>
        <AD_Process_Para type="table">
            <AD_Client_ID>0</AD_Client_ID>
            <AD_Org_ID>0</AD_Org_ID>
            <IsActive>Y</IsActive>
            <Name>Vendor</Name>
            <Description>Indicates if this Business Partner is a Vendor</Description>
            <Help>The Vendor checkbox indicates if this Business Partner is a Vendor.  If it is selected, additional fields will display which further identify this vendor.</Help>
            <AD_Process_ID reference="uuid" reference-key="AD_Process">00f0641d-8453-4b00-b3ab-696bc9d4025a</AD_Process_ID>
            <SeqNo>60</SeqNo>
            <AD_Reference_ID reference="id">20</AD_Reference_ID>
            <AD_Reference_Value_ID reference="id"/>
            <IsRange>N</IsRange>
            <AD_Val_Rule_ID reference="id"/>
            <FieldLength>0</FieldLength>
            <IsMandatory>N</IsMandatory>
            <DefaultValue/>
            <VFormat/>
            <ValueMin/>
            <ValueMax/>
            <ColumnName>IsVendor</ColumnName>
            <DefaultValue2/>
            <IsCentrallyMaintained>Y</IsCentrallyMaintained>
            <EntityType>cnet</EntityType>
            <AD_Element_ID reference="id">426</AD_Element_ID>
            <ReadOnlyLogic/>
            <DisplayLogic/>
            <AD_Process_Para_UU>eda46374-f244-4644-ad20-69b1ecb44a88</AD_Process_Para_UU>
            <IsEncrypted>N</IsEncrypted>
            <MandatoryLogic/>
            <Placeholder/>
            <Placeholder2/>
            <AD_Process_Para_Trl type="translation">
                <Help>The Vendor checkbox indicates if this Business Partner is a Vendor.  If it is selected, additional fields will display which further identify this vendor.</Help>
                <Name>Vendor</Name>
                <Description>Indicates if this Business Partner is a Vendor</Description>
                <Placeholder/>
                <Placeholder2/>
                <AD_Language>en_GB</AD_Language>
                <IsActive>Y</IsActive>
                <IsTranslated>N</IsTranslated>
            </AD_Process_Para_Trl>
            <AD_Process_Para_Trl type="translation">
                <Help>La spunta sta ad indicare che il Business Partner è un Fornitore. Ulteriori campi si renderanno disponibili per specificare i dettagli relativi.</Help>
                <Name>Fornitore</Name>
                <Description>Indica che questo Business Partner è un Fornitore</Description>
                <Placeholder/>
                <Placeholder2/>
                <AD_Language>it_IT</AD_Language>
                <IsActive>Y</IsActive>
                <IsTranslated>Y</IsTranslated>
            </AD_Process_Para_Trl>
        </AD_Process_Para>
        <AD_Reference type="table">
            <AD_Reference_ID>17</AD_Reference_ID>
            <AD_Client_ID>0</AD_Client_ID>
            <AD_Org_ID>0</AD_Org_ID>
            <AD_Reference_ID>17</AD_Reference_ID>
            <Name>List</Name>
            <Description>Reference List</Description>
            <Help/>
            <ValidationType>D</ValidationType>
            <IsActive>Y</IsActive>
            <VFormat/>
            <EntityType>D</EntityType>
            <IsOrderByValue>N</IsOrderByValue>
            <AD_Reference_UU>70bc89e7-5848-4ff5-a1f0-e1b1aed3796f</AD_Reference_UU>
            <AD_Element_ID reference="id"/>
            <AD_Reference_Trl type="translation">
                <Help/>
                <Name>Lista</Name>
                <Description>Lista de Referencia</Description>
                <AD_Language>es_CO</AD_Language>
                <IsActive>Y</IsActive>
                <IsTranslated>Y</IsTranslated>
            </AD_Reference_Trl>
            <AD_Reference_Trl type="translation">
                <Help/>
                <Name>Lista</Name>
                <Description>Lista di convalida</Description>
                <AD_Language>it_IT</AD_Language>
                <IsActive>Y</IsActive>
                <IsTranslated>N</IsTranslated>
            </AD_Reference_Trl>
            <AD_Reference_Trl type="translation">
                <Help/>
                <Name>List</Name>
                <Description>Reference List</Description>
                <AD_Language>en_GB</AD_Language>
                <IsActive>Y</IsActive>
                <IsTranslated>N</IsTranslated>
            </AD_Reference_Trl>
        </AD_Reference>
        <AD_Reference type="table">
            <AD_Client_ID>0</AD_Client_ID>
            <AD_Org_ID>0</AD_Org_ID>
            <Name>AttivoPassivo</Name>
            <Description/>
            <Help/>
            <ValidationType>L</ValidationType>
            <IsActive>Y</IsActive>
            <VFormat/>
            <EntityType>cnet</EntityType>
            <IsOrderByValue>N</IsOrderByValue>
            <AD_Reference_UU>5886acb8-fb5e-493d-970b-9513886e4b3a</AD_Reference_UU>
            <AD_Element_ID reference="id"/>
            <AD_Reference_Trl type="translation">
                <Help/>
                <Name>AttivoPassivo</Name>
                <Description/>
                <AD_Language>en_GB</AD_Language>
                <IsActive>Y</IsActive>
                <IsTranslated>N</IsTranslated>
            </AD_Reference_Trl>
            <AD_Reference_Trl type="translation">
                <Help/>
                <Name>AttivoPassivo</Name>
                <Description/>
                <AD_Language>it_IT</AD_Language>
                <IsActive>Y</IsActive>
                <IsTranslated>N</IsTranslated>
            </AD_Reference_Trl>
            <AD_Ref_List type="table">
                <AD_Client_ID>0</AD_Client_ID>
                <AD_Org_ID>0</AD_Org_ID>
                <Name>Attivo</Name>
                <Description/>
                <AD_Reference_ID reference="uuid" reference-key="AD_Reference">5886acb8-fb5e-493d-970b-9513886e4b3a</AD_Reference_ID>
                <ValidFrom/>
                <ValidTo/>
                <Value>Y</Value>
                <IsActive>Y</IsActive>
                <EntityType>cnet</EntityType>
                <AD_Ref_List_UU>41e675dd-fa02-4308-9246-276cb238e223</AD_Ref_List_UU>
                <ParameterValue/>
                <AD_Ref_List_Trl type="translation">
                    <Description/>
                    <Name>Attivo</Name>
                    <AD_Language>en_GB</AD_Language>
                    <IsActive>Y</IsActive>
                    <IsTranslated>N</IsTranslated>
                </AD_Ref_List_Trl>
                <AD_Ref_List_Trl type="translation">
                    <Description/>
                    <Name>Attivo</Name>
                    <AD_Language>it_IT</AD_Language>
                    <IsActive>Y</IsActive>
                    <IsTranslated>N</IsTranslated>
                </AD_Ref_List_Trl>
            </AD_Ref_List>
            <AD_Ref_List type="table">
                <AD_Client_ID>0</AD_Client_ID>
                <AD_Org_ID>0</AD_Org_ID>
                <Name>Passivo</Name>
                <Description/>
                <AD_Reference_ID reference="uuid" reference-key="AD_Reference">5886acb8-fb5e-493d-970b-9513886e4b3a</AD_Reference_ID>
                <ValidFrom/>
                <ValidTo/>
                <Value>N</Value>
                <IsActive>Y</IsActive>
                <EntityType>cnet</EntityType>
                <AD_Ref_List_UU>666128a3-f7b4-4946-8328-b8849912b9e2</AD_Ref_List_UU>
                <ParameterValue/>
                <AD_Ref_List_Trl type="translation">
                    <Description/>
                    <Name>Passivo</Name>
                    <AD_Language>en_GB</AD_Language>
                    <IsActive>Y</IsActive>
                    <IsTranslated>N</IsTranslated>
                </AD_Ref_List_Trl>
                <AD_Ref_List_Trl type="translation">
                    <Description/>
                    <Name>Passivo</Name>
                    <AD_Language>it_IT</AD_Language>
                    <IsActive>Y</IsActive>
                    <IsTranslated>N</IsTranslated>
                </AD_Ref_List_Trl>
            </AD_Ref_List>
        </AD_Reference>
        <AD_Element type="table">
            <AD_Element_ID>1106</AD_Element_ID>
            <AD_Client_ID>0</AD_Client_ID>
            <AD_Org_ID>0</AD_Org_ID>
            <AD_Element_ID>1106</AD_Element_ID>
            <IsActive>Y</IsActive>
            <ColumnName>IsSOTrx</ColumnName>
            <Name>Sales Transaction</Name>
            <Description>This is a Sales Transaction</Description>
            <Help>The Sales Transaction checkbox indicates if this item is a Sales Transaction.</Help>
            <PrintName>Sales Transaction</PrintName>
            <PO_Description/>
            <PO_Help/>
            <PO_Name/>
            <PO_PrintName/>
            <EntityType>D</EntityType>
            <AD_Element_UU>18c702fe-21fa-44a5-aee5-0fd1be6709c9</AD_Element_UU>
            <Placeholder/>
            <AD_Element_Trl type="translation">
                <Help>El cuadro de verificación Transacción de Ventas indica si este ítem es una transacción de ventas</Help>
                <PO_Description/>
                <PO_Help/>
                <Name>Transacción de Ventas</Name>
                <Description>Esta es una transacción de ventas</Description>
                <PrintName>Transacción de Ventas</PrintName>
                <PO_Name/>
                <PO_PrintName/>
                <Placeholder/>
                <AD_Language>es_CO</AD_Language>
                <IsActive>Y</IsActive>
                <IsTranslated>Y</IsTranslated>
            </AD_Element_Trl>
            <AD_Element_Trl type="translation">
                <Help>La spunta indica che questa è una Transazione di Vendita.</Help>
                <PO_Description/>
                <PO_Help/>
                <Name>Transazione di Vendita</Name>
                <Description>Questa è una Transazione di Vendita</Description>
                <PrintName>Transazione di Vendita</PrintName>
                <PO_Name/>
                <PO_PrintName/>
                <Placeholder/>
                <AD_Language>it_IT</AD_Language>
                <IsActive>Y</IsActive>
                <IsTranslated>Y</IsTranslated>
            </AD_Element_Trl>
            <AD_Element_Trl type="translation">
                <Help>The Sales Transaction checkbox indicates if this item is a Sales Transaction.</Help>
                <PO_Description/>
                <PO_Help/>
                <Name>Sales Transaction</Name>
                <Description>This is a Sales Transaction</Description>
                <PrintName>Sales Transaction</PrintName>
                <PO_Name/>
                <PO_PrintName/>
                <Placeholder/>
                <AD_Language>en_GB</AD_Language>
                <IsActive>Y</IsActive>
                <IsTranslated>N</IsTranslated>
            </AD_Element_Trl>
        </AD_Element>
        <AD_Process_Para type="table">
            <AD_Client_ID>0</AD_Client_ID>
            <AD_Org_ID>0</AD_Org_ID>
            <IsActive>Y</IsActive>
            <Name>Sales Transaction</Name>
            <Description>This is a Sales Transaction</Description>
            <Help>The Sales Transaction checkbox indicates if this item is a Sales Transaction.</Help>
            <AD_Process_ID reference="uuid" reference-key="AD_Process">00f0641d-8453-4b00-b3ab-696bc9d4025a</AD_Process_ID>
            <SeqNo>15</SeqNo>
            <AD_Reference_ID reference="id">17</AD_Reference_ID>
            <AD_Reference_Value_ID reference="uuid" reference-key="AD_Reference">5886acb8-fb5e-493d-970b-9513886e4b3a</AD_Reference_Value_ID>
            <IsRange>N</IsRange>
            <AD_Val_Rule_ID reference="id"/>
            <FieldLength>0</FieldLength>
            <IsMandatory>N</IsMandatory>
            <DefaultValue/>
            <VFormat/>
            <ValueMin/>
            <ValueMax/>
            <ColumnName>IsSOTrx</ColumnName>
            <DefaultValue2/>
            <IsCentrallyMaintained>Y</IsCentrallyMaintained>
            <EntityType>cnet</EntityType>
            <AD_Element_ID reference="id">1106</AD_Element_ID>
            <ReadOnlyLogic/>
            <DisplayLogic/>
            <AD_Process_Para_UU>77772999-57e9-40b0-aa61-745f56d2f129</AD_Process_Para_UU>
            <IsEncrypted>N</IsEncrypted>
            <MandatoryLogic/>
            <Placeholder/>
            <Placeholder2/>
            <AD_Process_Para_Trl type="translation">
                <Help>The Sales Transaction checkbox indicates if this item is a Sales Transaction.</Help>
                <Name>Sales Transaction</Name>
                <Description>This is a Sales Transaction</Description>
                <Placeholder/>
                <Placeholder2/>
                <AD_Language>en_GB</AD_Language>
                <IsActive>Y</IsActive>
                <IsTranslated>N</IsTranslated>
            </AD_Process_Para_Trl>
            <AD_Process_Para_Trl type="translation">
                <Help>La spunta indica che questa è una Transazione di Vendita.</Help>
                <Name>Transazione di Vendita</Name>
                <Description>Questa è una Transazione di Vendita</Description>
                <Placeholder/>
                <Placeholder2/>
                <AD_Language>it_IT</AD_Language>
                <IsActive>Y</IsActive>
                <IsTranslated>Y</IsTranslated>
            </AD_Process_Para_Trl>
        </AD_Process_Para>
        <AD_Process_Para type="table">
            <AD_Client_ID>0</AD_Client_ID>
            <AD_Org_ID>0</AD_Org_ID>
            <IsActive>Y</IsActive>
            <Name>Dateopenamt</Name>
            <Description/>
            <Help/>
            <AD_Process_ID reference="uuid" reference-key="AD_Process">00f0641d-8453-4b00-b3ab-696bc9d4025a</AD_Process_ID>
            <SeqNo>35</SeqNo>
            <AD_Reference_ID reference="id">15</AD_Reference_ID>
            <AD_Reference_Value_ID reference="id"/>
            <IsRange>N</IsRange>
            <AD_Val_Rule_ID reference="id"/>
            <FieldLength>0</FieldLength>
            <IsMandatory>N</IsMandatory>
            <DefaultValue/>
            <VFormat/>
            <ValueMin/>
            <ValueMax/>
            <ColumnName>Dateopenamt</ColumnName>
            <DefaultValue2/>
            <IsCentrallyMaintained>N</IsCentrallyMaintained>
            <EntityType>cnet</EntityType>
            <AD_Element_ID reference="id"/>
            <ReadOnlyLogic/>
            <DisplayLogic/>
            <AD_Process_Para_UU>881b83cf-d145-40aa-b2c6-1f9cf857b921</AD_Process_Para_UU>
            <IsEncrypted>N</IsEncrypted>
            <MandatoryLogic/>
            <Placeholder/>
            <Placeholder2/>
            <AD_Process_Para_Trl type="translation">
                <Help/>
                <Name>Dateopenamt</Name>
                <Description/>
                <Placeholder/>
                <Placeholder2/>
                <AD_Language>en_GB</AD_Language>
                <IsActive>Y</IsActive>
                <IsTranslated>N</IsTranslated>
            </AD_Process_Para_Trl>
            <AD_Process_Para_Trl type="translation">
                <Help/>
                <Name>Saldo Aperto alla Data</Name>
                <Description/>
                <Placeholder/>
                <Placeholder2/>
                <AD_Language>it_IT</AD_Language>
                <IsActive>Y</IsActive>
                <IsTranslated>N</IsTranslated>
            </AD_Process_Para_Trl>
        </AD_Process_Para>
    </AD_Process>
</idempiere>
