<?xml version="1.0" encoding="UTF-8"?><idempiere Name="AD_Process" Version="1.0.0" idempiereVersion="5.1.0.201811261352" DataBaseVersion="2017-10-31" Description="" Author="SuperUser" AuthorEmail="superuser @ idempiere.com" CreatedDate="Wed Jan 16 09:37:56 CET 2019" UpdatedDate="Wed Jan 16 09:37:56 CET 2019" PackOutVersion="100" UpdateDictionary="true" Client="0-SYSTEM-System" AD_Client_UU="11237b53-9592-4af1-b3c5-afd216514b5d">
    <AD_Attachment type="table">
        <AD_Client_ID>0</AD_Client_ID>
        <AD_Org_ID>0</AD_Org_ID>
        <IsActive>Y</IsActive>
        <AD_Table_ID reference="id">284</AD_Table_ID>
        <Record_ID reference="uuid" reference-key="AD_Process">47a4548c-890c-408b-9cd4-7d52b1a08133</Record_ID>
        <BinaryData>1.dat|byte[]</BinaryData>
        <Title>zip</Title>
        <TextMsg/>
        <AD_Attachment_UU>e6f78bad-1ae1-45e2-99db-23d8ab4ca5b2</AD_Attachment_UU>
    </AD_Attachment>
    <AD_Process type="table">
        <AD_Client_ID>0</AD_Client_ID>
        <AD_Org_ID>0</AD_Org_ID>
        <IsActive>Y</IsActive>
        <Name>Report Sales Order List [RP55]</Name>
        <Description>Report Sales Order List [RP55]</Description>
        <Help>Report Sales Order List [RP55]</Help>
        <ProcedureName/>
        <IsReport>Y</IsReport>
        <Value>0055</Value>
        <IsDirectPrint>N</IsDirectPrint>
        <AD_ReportView_ID reference="id"/>
        <Classname/>
        <AccessLevel>6</AccessLevel>
        <EntityType>cnet</EntityType>
        <Statistic_Count>0</Statistic_Count>
        <Statistic_Seconds>0</Statistic_Seconds>
        <AD_PrintFormat_ID reference="id"/>
        <WorkflowValue/>
        <AD_Workflow_ID reference="id"/>
        <IsBetaFunctionality>N</IsBetaFunctionality>
        <IsServerProcess>N</IsServerProcess>
        <ShowHelp>Y</ShowHelp>
        <JasperReport>attachment:c_orderlist0055.jasper</JasperReport>
        <AD_Form_ID reference="id"/>
        <CopyFromProcess>N</CopyFromProcess>
        <AD_Process_UU>47a4548c-890c-408b-9cd4-7d52b1a08133</AD_Process_UU>
        <AD_CtxHelp_ID reference="id"/>
        <ExecutionType/>
        <AllowMultipleExecution>P</AllowMultipleExecution>
        <AD_Image_ID reference="id"/>
        <LIT_isBatchPrint>N</LIT_isBatchPrint>
        <ParameterValue>Elenco Ordini di Vendita Aperti </ParameterValue>
        <AD_Process_Trl type="translation">
            <Help>Report Sales Order List [RP55]</Help>
            <Description>Report Sales Order List [RP55]</Description>
            <Name>Report Sales Order List [RP55]</Name>
            <AD_Language>it_IT</AD_Language>
            <IsActive>Y</IsActive>
            <IsTranslated>N</IsTranslated>
        </AD_Process_Trl>
    </AD_Process>
</idempiere>
